{
    "avg_pred": 0.5567451580634715,
    "roc_auc": 0.9567991479070186
}