{
    "avg_pred": 0.5420473473357628,
    "roc_auc": 0.9595531940383442
}